openTime,openPrice,highPrice,lowPrice,closePrice,volume,closeTime,quoteAssetVolume,numberOfTrades,takerBuyBaseAssetVolume,takerBuyQuoteAssetVolume,ignored
1515254760000,0.00737100,0.00737100,0.00720000,0.00720000,1280.07000000,1515254819999,9.24398494,14,37.25000000,0.27456975,0
1515254820000,0.00720800,0.00720800,0.00720800,0.00720800,26.80000000,1515254879999,0.19317440,1,0.00000000,0.00000000,0
1515254880000,0.00720000,0.00722100,0.00720000,0.00722100,243.54000000,1515254939999,1.75851221,8,32.81000000,0.23692101,0
1515254940000,0.00720100,0.00720100,0.00720000,0.00720000,87.13000000,1515254999999,0.62738149,3,0.00000000,0.00000000,0
1515255000000,0.00724900,0.00724900,0.00724900,0.00724900,7.16000000,1515255059999,0.05190284,1,7.16000000,0.05190284,0
1515255060000,0.00725000,0.00725000,0.00725000,0.00725000,3.45000000,1515255119999,0.02501250,1,3.45000000,0.02501250,0
1515255120000,0.00725000,0.00725000,0.00725000,0.00725000,219.86000000,1515255179999,1.59398500,2,219.86000000,1.59398500,0
1515255180000,0.00722500,0.00722500,0.00720000,0.00720000,14.49000000,1515255239999,0.10442800,2,0.00000000,0.00000000,0
1515255240000,0.00720000,0.00720000,0.00720000,0.00720000,4.86000000,1515255299999,0.03499200,1,0.00000000,0.00000000,0
1515255300000,0.00720000,0.00720000,0.00711300,0.00711300,20.80000000,1515255359999,0.14931195,2,0.00000000,0.00000000,0
1515255360000,0.00711300,0.00711300,0.00711300,0.00711300,0.00000000,1515255419999,0.00000000,0,0.00000000,0.00000000,0
1515255420000,0.00711300,0.00711300,0.00711300,0.00711300,0.00000000,1515255479999,0.00000000,0,0.00000000,0.00000000,0
1515255480000,0.00711300,0.00711300,0.00711300,0.00711300,0.00000000,1515255539999,0.00000000,0,0.00000000,0.00000000,0
1515255540000,0.00726800,0.00726800,0.00726800,0.00726800,148.49000000,1515255599999,1.07922532,3,148.49000000,1.07922532,0
1515255600000,0.00727200,0.00729300,0.00727200,0.00729300,232.68000000,1515255659999,1.69372224,2,232.68000000,1.69372224,0
1515255660000,0.00714700,0.00714700,0.00714700,0.00714700,20.44000000,1515255719999,0.14608468,1,0.00000000,0.00000000,0
1515255720000,0.00725200,0.00725200,0.00725200,0.00725200,15.00000000,1515255779999,0.10878000,1,0.00000000,0.00000000,0
1515255780000,0.00730000,0.00730000,0.00728100,0.00730000,154.13000000,1515255839999,1.12336342,8,60.89000000,0.44445002,0
1515255840000,0.00730000,0.00730000,0.00730000,0.00730000,86.80000000,1515255899999,0.63364000,3,16.87000000,0.12315100,0
1515255900000,0.00730000,0.00730000,0.00730000,0.00730000,0.00000000,1515255959999,0.00000000,0,0.00000000,0.00000000,0
1515255960000,0.00730000,0.00730000,0.00730000,0.00730000,0.00000000,1515256019999,0.00000000,0,0.00000000,0.00000000,0
1515256020000,0.00733200,0.00746200,0.00730000,0.00746200,102.70000000,1515256079999,0.75346177,5,35.00000000,0.25925177,0
1515256080000,0.00730000,0.00745900,0.00710200,0.00745900,751.98000000,1515256139999,5.41146338,14,80.00000000,0.59617200,0
1515256140000,0.00743300,0.00743800,0.00743300,0.00743800,80.00000000,1515256199999,0.59484100,2,80.00000000,0.59484100,0
1515256200000,0.00743800,0.00743800,0.00743800,0.00743800,0.00000000,1515256259999,0.00000000,0,0.00000000,0.00000000,0
1515256260000,0.00730000,0.00730000,0.00730000,0.00730000,10.00000000,1515256319999,0.07300000,1,0.00000000,0.00000000,0
1515256320000,0.00730000,0.00730000,0.00730000,0.00730000,0.00000000,1515256379999,0.00000000,0,0.00000000,0.00000000,0
1515256380000,0.00730000,0.00730000,0.00730000,0.00730000,0.00000000,1515256439999,0.00000000,0,0.00000000,0.00000000,0
1515256440000,0.00730000,0.00730000,0.00730000,0.00730000,0.00000000,1515256499999,0.00000000,0,0.00000000,0.00000000,0
1515256500000,0.00743100,0.00743100,0.00743100,0.00743100,19.00000000,1515256559999,0.14118900,2,19.00000000,0.14118900,0
1515256560000,0.00742700,0.00742700,0.00730000,0.00730000,164.18000000,1515256619999,1.20372560,5,40.00000000,0.29708000,0
1515256620000,0.00741200,0.00741200,0.00741200,0.00741200,6.80000000,1515256679999,0.05040160,1,6.80000000,0.05040160,0
1515256680000,0.00741200,0.00741200,0.00741200,0.00741200,0.00000000,1515256739999,0.00000000,0,0.00000000,0.00000000,0
1515256740000,0.00739000,0.00741200,0.00722000,0.00722000,538.44000000,1515256799999,3.96429079,13,128.03000000,0.94656140,0
1515256800000,0.00722000,0.00722000,0.00722000,0.00722000,0.00000000,1515256859999,0.00000000,0,0.00000000,0.00000000,0
1515256860000,0.00739000,0.00741500,0.00739000,0.00741400,12.70000000,1515256919999,0.09401805,3,12.70000000,0.09401805,0
1515256920000,0.00741400,0.00741400,0.00741400,0.00741400,0.00000000,1515256979999,0.00000000,0,0.00000000,0.00000000,0
1515256980000,0.00739500,0.00739500,0.00738300,0.00738300,58.12000000,1515257039999,0.42916140,2,58.12000000,0.42916140,0
1515257040000,0.00738300,0.00738300,0.00725000,0.00736800,147.85000000,1515257099999,1.08308130,3,147.85000000,1.08308130,0
1515257100000,0.00736800,0.00736800,0.00736800,0.00736800,0.00000000,1515257159999,0.00000000,0,0.00000000,0.00000000,0
1515257160000,0.00735400,0.00735400,0.00735000,0.00735100,944.61000000,1515257219999,6.94357387,12,944.61000000,6.94357387,0
1515257220000,0.00735100,0.00735100,0.00735100,0.00735100,0.00000000,1515257279999,0.00000000,0,0.00000000,0.00000000,0
1515257280000,0.00725600,0.00725600,0.00723800,0.00723800,59.97000000,1515257339999,0.43465830,2,0.00000000,0.00000000,0
1515257340000,0.00723800,0.00723800,0.00705800,0.00705800,3195.59000000,1515257399999,22.68498970,18,0.00000000,0.00000000,0
1515257400000,0.00705800,0.00705800,0.00700900,0.00705800,91.21000000,1515257459999,0.64306193,4,1.35000000,0.00952830,0
1515257460000,0.00705600,0.00718400,0.00702500,0.00702500,681.11000000,1515257519999,4.87073038,11,672.46000000,4.80996413,0
1515257520000,0.00715000,0.00715000,0.00715000,0.00715000,13.92000000,1515257579999,0.09952800,1,13.92000000,0.09952800,0
1515257580000,0.00713500,0.00715000,0.00713500,0.00715000,954.72000000,1515257639999,6.81653821,13,693.89000000,4.95160371,0
1515257640000,0.00715000,0.00715000,0.00715000,0.00715000,0.00000000,1515257699999,0.00000000,0,0.00000000,0.00000000,0
1515257700000,0.00720700,0.00720700,0.00720700,0.00720700,68.40000000,1515257759999,0.49295880,2,68.40000000,0.49295880,0
1515257760000,0.00720700,0.00720700,0.00720700,0.00720700,0.00000000,1515257819999,0.00000000,0,0.00000000,0.00000000,0
1515257820000,0.00720700,0.00720700,0.00720700,0.00720700,0.00000000,1515257879999,0.00000000,0,0.00000000,0.00000000,0
1515257880000,0.00716700,0.00716700,0.00715900,0.00715900,14.36000000,1515257939999,0.10289124,2,0.00000000,0.00000000,0
1515257940000,0.00715900,0.00720700,0.00715100,0.00715100,207.26000000,1515257999999,1.48303122,8,4.16000000,0.02998112,0
1515258000000,0.00725600,0.00725600,0.00725600,0.00725600,24.00000000,1515258059999,0.17414400,1,24.00000000,0.17414400,0
1515258060000,0.00725600,0.00725600,0.00725600,0.00725600,0.00000000,1515258119999,0.00000000,0,0.00000000,0.00000000,0
1515258120000,0.00715600,0.00715600,0.00715600,0.00715600,208.96000000,1515258179999,1.49531776,2,0.00000000,0.00000000,0
1515258180000,0.00715600,0.00715600,0.00715600,0.00715600,32.59000000,1515258239999,0.23321404,3,0.00000000,0.00000000,0
1515258240000,0.00716000,0.00716000,0.00716000,0.00716000,9.49000000,1515258299999,0.06794840,1,0.00000000,0.00000000,0
1515258300000,0.00716000,0.00716000,0.00716000,0.00716000,0.00000000,1515258359999,0.00000000,0,0.00000000,0.00000000,0
1515258360000,0.00717100,0.00717100,0.00717000,0.00717000,28.00000000,1515258419999,0.20078200,3,0.00000000,0.00000000,0
1515258420000,0.00717000,0.00717000,0.00717000,0.00717000,0.00000000,1515258479999,0.00000000,0,0.00000000,0.00000000,0
1515258480000,0.00717500,0.00717500,0.00717500,0.00717500,72.92000000,1515258539999,0.52320100,1,0.00000000,0.00000000,0
1515258540000,0.00717500,0.00717500,0.00717500,0.00717500,171.08000000,1515258599999,1.22749900,2,0.00000000,0.00000000,0
1515258600000,0.00717200,0.00740000,0.00716000,0.00740000,429.45000000,1515258659999,3.13327129,15,371.29000000,2.71624569,0
1515258660000,0.00717300,0.00718000,0.00717300,0.00718000,362.49000000,1515258719999,2.60150186,5,0.00000000,0.00000000,0
1515258720000,0.00718000,0.00718000,0.00718000,0.00718000,8.11000000,1515258779999,0.05822980,1,0.00000000,0.00000000,0
1515258780000,0.00719800,0.00719800,0.00719800,0.00719800,93.42000000,1515258839999,0.67243716,1,0.00000000,0.00000000,0
1515258840000,0.00721000,0.00721000,0.00720900,0.00720900,55.91000000,1515258899999,0.40310010,2,0.00000000,0.00000000,0
1515258900000,0.00720000,0.00720000,0.00719800,0.00719800,85.50000000,1515258959999,0.61558572,3,0.00000000,0.00000000,0
1515258960000,0.00719500,0.00719500,0.00719500,0.00719500,25.62000000,1515259019999,0.18433590,1,0.00000000,0.00000000,0
1515259020000,0.00719800,0.00719800,0.00719800,0.00719800,5.00000000,1515259079999,0.03599000,1,0.00000000,0.00000000,0
1515259080000,0.00719800,0.00719800,0.00719800,0.00719800,0.00000000,1515259139999,0.00000000,0,0.00000000,0.00000000,0
1515259140000,0.00719800,0.00719800,0.00719800,0.00719800,0.00000000,1515259199999,0.00000000,0,0.00000000,0.00000000,0
1515259200000,0.00719800,0.00719800,0.00719800,0.00719800,0.00000000,1515259259999,0.00000000,0,0.00000000,0.00000000,0
1515259260000,0.00716300,0.00716300,0.00715100,0.00715100,256.66000000,1515259319999,1.83653954,7,0.00000000,0.00000000,0
1515259320000,0.00715100,0.00715100,0.00715000,0.00715000,528.73000000,1515259379999,3.78050295,4,0.00000000,0.00000000,0
1515259380000,0.00715000,0.00715000,0.00715000,0.00715000,0.00000000,1515259439999,0.00000000,0,0.00000000,0.00000000,0
1515259440000,0.00705000,0.00705000,0.00705000,0.00705000,2351.00000000,1515259499999,16.57455000,1,2351.00000000,16.57455000,0
1515259500000,0.00705300,0.00705300,0.00705300,0.00705300,2.80000000,1515259559999,0.01974840,1,0.00000000,0.00000000,0
1515259560000,0.00714200,0.00714200,0.00714200,0.00714200,0.02000000,1515259619999,0.00014284,1,0.02000000,0.00014284,0
1515259620000,0.00705400,0.00714200,0.00705400,0.00714200,4.02000000,1515259679999,0.02870908,2,4.00000000,0.02856800,0
1515259680000,0.00705700,0.00705700,0.00705700,0.00705700,50.00000000,1515259739999,0.35285000,1,0.00000000,0.00000000,0
1515259740000,0.00705700,0.00705700,0.00705700,0.00705700,0.00000000,1515259799999,0.00000000,0,0.00000000,0.00000000,0
1515259800000,0.00707800,0.00707800,0.00707600,0.00707600,120.00000000,1515259859999,0.84924860,4,0.00000000,0.00000000,0
1515259860000,0.00707600,0.00707600,0.00707600,0.00707600,0.00000000,1515259919999,0.00000000,0,0.00000000,0.00000000,0
1515259920000,0.00708000,0.00708000,0.00708000,0.00708000,24.47000000,1515259979999,0.17324760,1,0.00000000,0.00000000,0
1515259980000,0.00708000,0.00708000,0.00708000,0.00708000,0.00000000,1515260039999,0.00000000,0,0.00000000,0.00000000,0
1515260040000,0.00710000,0.00710000,0.00710000,0.00710000,61.03000000,1515260099999,0.43331300,4,61.03000000,0.43331300,0
1515260100000,0.00710000,0.00710000,0.00710000,0.00710000,0.00000000,1515260159999,0.00000000,0,0.00000000,0.00000000,0
1515260160000,0.00710000,0.00710000,0.00710000,0.00710000,25.35000000,1515260219999,0.17998500,3,0.00000000,0.00000000,0
1515260220000,0.00716000,0.00716000,0.00716000,0.00716000,138.12000000,1515260279999,0.98893920,4,138.12000000,0.98893920,0
1515260280000,0.00718500,0.00718600,0.00718500,0.00718600,265.30000000,1515260339999,1.90640130,2,265.30000000,1.90640130,0
1515260340000,0.00718300,0.00718400,0.00716300,0.00718400,215.32000000,1515260399999,1.54471113,6,67.48000000,0.48473141,0
1515260400000,0.00716000,0.00716000,0.00716000,0.00716000,187.53000000,1515260459999,1.34271480,4,0.00000000,0.00000000,0
1515260460000,0.00716100,0.00716500,0.00716100,0.00716500,159.66000000,1515260519999,1.14335090,3,0.00000000,0.00000000,0
1515260520000,0.00716600,0.00716600,0.00716400,0.00716400,263.62000000,1515260579999,1.88870180,7,0.00000000,0.00000000,0
1515260580000,0.00716400,0.00716400,0.00716400,0.00716400,0.00000000,1515260639999,0.00000000,0,0.00000000,0.00000000,0
1515260640000,0.00716400,0.00716400,0.00716400,0.00716400,0.00000000,1515260699999,0.00000000,0,0.00000000,0.00000000,0
1515260700000,0.00716500,0.00716500,0.00716500,0.00716500,44.00000000,1515260759999,0.31526000,1,0.00000000,0.00000000,0
1515260760000,0.00729400,0.00729400,0.00729400,0.00729400,0.01000000,1515260819999,0.00007294,1,0.01000000,0.00007294,0
1515260820000,0.00729400,0.00729400,0.00729400,0.00729400,0.00000000,1515260879999,0.00000000,0,0.00000000,0.00000000,0
1515260880000,0.00723700,0.00723700,0.00716500,0.00716500,12.87000000,1515260939999,0.09264915,2,6.05000000,0.04378385,0
1515260940000,0.00716500,0.00716500,0.00716500,0.00716500,0.00000000,1515260999999,0.00000000,0,0.00000000,0.00000000,0
1515261000000,0.00716500,0.00716500,0.00716500,0.00716500,13.84000000,1515261059999,0.09916360,1,0.00000000,0.00000000,0
1515261060000,0.00716500,0.00716500,0.00716500,0.00716500,0.00000000,1515261119999,0.00000000,0,0.00000000,0.00000000,0
1515261120000,0.00716500,0.00716500,0.00716500,0.00716500,0.00000000,1515261179999,0.00000000,0,0.00000000,0.00000000,0
1515261180000,0.00720000,0.00723100,0.00720000,0.00723100,505.00000000,1515261239999,3.63784540,3,80.00000000,0.57784540,0
1515261240000,0.00722900,0.00722900,0.00722900,0.00722900,50.00000000,1515261299999,0.36145000,1,50.00000000,0.36145000,0
1515261300000,0.00722900,0.00722900,0.00722900,0.00722900,0.00000000,1515261359999,0.00000000,0,0.00000000,0.00000000,0
1515261360000,0.00716500,0.00716500,0.00716000,0.00716000,269.74000000,1515261419999,1.93243366,7,11.75000000,0.08418875,0
1515261420000,0.00716000,0.00716000,0.00707600,0.00707600,707.79000000,1515261479999,5.06252340,10,0.00000000,0.00000000,0
1515261480000,0.00707700,0.00707700,0.00707700,0.00707700,117.53000000,1515261539999,0.83175981,1,0.00000000,0.00000000,0
1515261540000,0.00708000,0.00708000,0.00708000,0.00708000,12.75000000,1515261599999,0.09027000,1,0.00000000,0.00000000,0
1515261600000,0.00708000,0.00708000,0.00707900,0.00707900,89.43000000,1515261659999,0.63309817,3,0.00000000,0.00000000,0
1515261660000,0.00716000,0.00716000,0.00716000,0.00716000,10.00000000,1515261719999,0.07160000,1,10.00000000,0.07160000,0
1515261720000,0.00716000,0.00716000,0.00716000,0.00716000,0.00000000,1515261779999,0.00000000,0,0.00000000,0.00000000,0
1515261780000,0.00707600,0.00712000,0.00707600,0.00712000,105.45000000,1515261839999,0.74966924,4,0.00000000,0.00000000,0
1515261840000,0.00712000,0.00712000,0.00712000,0.00712000,0.00000000,1515261899999,0.00000000,0,0.00000000,0.00000000,0
1515261900000,0.00712000,0.00712000,0.00712000,0.00712000,35.97000000,1515261959999,0.25610640,4,0.00000000,0.00000000,0
1515261960000,0.00712000,0.00721200,0.00712000,0.00721200,83.53000000,1515262019999,0.59594236,5,15.10000000,0.10872076,0
1515262020000,0.00712000,0.00712000,0.00712000,0.00712000,156.44000000,1515262079999,1.11385280,3,0.00000000,0.00000000,0
1515262080000,0.00712000,0.00720600,0.00712000,0.00712000,83.35000000,1515262139999,0.59405400,3,7.00000000,0.05044200,0
1515262140000,0.00712000,0.00712000,0.00712000,0.00712000,803.53000000,1515262199999,5.72113360,5,0.00000000,0.00000000,0
1515262200000,0.00712000,0.00712000,0.00712000,0.00712000,321.82000000,1515262259999,2.29135840,4,0.00000000,0.00000000,0
1515262260000,0.00712000,0.00712000,0.00712000,0.00712000,0.00000000,1515262319999,0.00000000,0,0.00000000,0.00000000,0
1515262320000,0.00712000,0.00712000,0.00712000,0.00712000,13.75000000,1515262379999,0.09790000,2,0.00000000,0.00000000,0
1515262380000,0.00712000,0.00712000,0.00712000,0.00712000,8.71000000,1515262439999,0.06201520,1,0.00000000,0.00000000,0
1515262440000,0.00716500,0.00716500,0.00716500,0.00716500,27.69000000,1515262499999,0.19839885,1,27.69000000,0.19839885,0
1515262500000,0.00717100,0.00717100,0.00716800,0.00716800,351.19000000,1515262559999,2.51810120,4,351.19000000,2.51810120,0
1515262560000,0.00716800,0.00716800,0.00716800,0.00716800,0.00000000,1515262619999,0.00000000,0,0.00000000,0.00000000,0
1515262620000,0.00716800,0.00716800,0.00716800,0.00716800,0.00000000,1515262679999,0.00000000,0,0.00000000,0.00000000,0
1515262680000,0.00717000,0.00717000,0.00717000,0.00717000,372.00000000,1515262739999,2.66724000,2,372.00000000,2.66724000,0
1515262740000,0.00723500,0.00723500,0.00723500,0.00723500,28.00000000,1515262799999,0.20258000,1,28.00000000,0.20258000,0
1515262800000,0.00717000,0.00723500,0.00717000,0.00723500,84.56000000,1515262859999,0.60904535,3,42.31000000,0.30611285,0
1515262860000,0.00717000,0.00723500,0.00708100,0.00723500,62.44000000,1515262919999,0.44710714,3,18.33000000,0.13261755,0
1515262920000,0.00717000,0.00717000,0.00705800,0.00705800,801.65000000,1515262979999,5.66373632,8,0.00000000,0.00000000,0
1515262980000,0.00720000,0.00723500,0.00720000,0.00723500,63.04000000,1515263039999,0.45539510,4,63.04000000,0.45539510,0
1515263040000,0.00723800,0.00724400,0.00723800,0.00724400,13.90000000,1515263099999,0.10062620,3,0.00000000,0.00000000,0
1515263100000,0.00724600,0.00724600,0.00723000,0.00723000,641.00000000,1515263159999,4.63587540,4,518.14000000,3.74615220,0
1515263160000,0.00723000,0.00723000,0.00723000,0.00723000,0.00000000,1515263219999,0.00000000,0,0.00000000,0.00000000,0
1515263220000,0.00723000,0.00723000,0.00723000,0.00723000,0.00000000,1515263279999,0.00000000,0,0.00000000,0.00000000,0
1515263280000,0.00731300,0.00731300,0.00731000,0.00731000,234.12000000,1515263339999,1.71207786,2,234.12000000,1.71207786,0
1515263340000,0.00730200,0.00730200,0.00709400,0.00709400,129.83000000,1515263399999,0.94791882,3,129.35000000,0.94451370,0
1515263400000,0.00728800,0.00730400,0.00710600,0.00710700,940.31000000,1515263459999,6.83278668,16,774.59000000,5.65517902,0
1515263460000,0.00730000,0.00730400,0.00730000,0.00730400,201.63000000,1515263519999,1.47261987,6,201.63000000,1.47261987,0
1515263520000,0.00730400,0.00730400,0.00730400,0.00730400,0.00000000,1515263579999,0.00000000,0,0.00000000,0.00000000,0
1515263580000,0.00730400,0.00739500,0.00730400,0.00739500,248.87000000,1515263639999,1.82866648,7,248.87000000,1.82866648,0
1515263640000,0.00738700,0.00738700,0.00738600,0.00738600,95.78000000,1515263699999,0.70752392,2,95.78000000,0.70752392,0
1515263700000,0.00738600,0.00738600,0.00738600,0.00738600,19.88000000,1515263759999,0.14683368,2,19.88000000,0.14683368,0
1515263760000,0.00738600,0.00738600,0.00730000,0.00730000,57.71000000,1515263819999,0.42576704,2,0.00000000,0.00000000,0
1515263820000,0.00730000,0.00730000,0.00730000,0.00730000,7.41000000,1515263879999,0.05409300,1,0.00000000,0.00000000,0
1515263880000,0.00730000,0.00730000,0.00730000,0.00730000,0.00000000,1515263939999,0.00000000,0,0.00000000,0.00000000,0
1515263940000,0.00738500,0.00738500,0.00738500,0.00738500,300.07000000,1515263999999,2.21601695,3,176.00000000,1.29976000,0
1515264000000,0.00738500,0.00738500,0.00738500,0.00738500,66.40000000,1515264059999,0.49036400,4,0.00000000,0.00000000,0
1515264060000,0.00738500,0.00738500,0.00738500,0.00738500,0.00000000,1515264119999,0.00000000,0,0.00000000,0.00000000,0
1515264120000,0.00738500,0.00738500,0.00738500,0.00738500,377.04000000,1515264179999,2.78444040,4,0.00000000,0.00000000,0
1515264180000,0.00738600,0.00740000,0.00738600,0.00740000,59.12000000,1515264239999,0.43739000,2,59.12000000,0.43739000,0
1515264240000,0.00740000,0.00740000,0.00740000,0.00740000,136.18000000,1515264299999,1.00773200,2,136.18000000,1.00773200,0
1515264300000,0.00740000,0.00740000,0.00740000,0.00740000,113.48000000,1515264359999,0.83975200,4,113.48000000,0.83975200,0
1515264360000,0.00740000,0.00740000,0.00740000,0.00740000,592.79000000,1515264419999,4.38664600,6,592.79000000,4.38664600,0
1515264420000,0.00740000,0.00740000,0.00740000,0.00740000,414.72000000,1515264479999,3.06892800,4,414.72000000,3.06892800,0
1515264480000,0.00740000,0.00745000,0.00738600,0.00738600,226.17000000,1515264539999,1.68323800,6,199.16000000,1.48374200,0
1515264540000,0.00745000,0.00745000,0.00745000,0.00745000,452.34000000,1515264599999,3.36993300,3,452.34000000,3.36993300,0
1515264600000,0.00745000,0.00746900,0.00745000,0.00746900,691.36000000,1515264659999,5.16098192,13,686.16000000,5.12224192,0
1515264660000,0.00746900,0.00749200,0.00745000,0.00749200,204.03000000,1515264719999,1.52439253,6,104.03000000,0.77939253,0
1515264720000,0.00749200,0.00749200,0.00749200,0.00749200,3.30000000,1515264779999,0.02472360,2,3.30000000,0.02472360,0
1515264780000,0.00749200,0.00749200,0.00749200,0.00749200,0.00000000,1515264839999,0.00000000,0,0.00000000,0.00000000,0
1515264840000,0.00749200,0.00749200,0.00749200,0.00749200,0.00000000,1515264899999,0.00000000,0,0.00000000,0.00000000,0
1515264900000,0.00749200,0.00750000,0.00749200,0.00750000,3059.46000000,1515264959999,22.94574104,31,3059.46000000,22.94574104,0
1515264960000,0.00750000,0.00750000,0.00750000,0.00750000,0.00000000,1515265019999,0.00000000,0,0.00000000,0.00000000,0
1515265020000,0.00750000,0.00750000,0.00750000,0.00750000,5.00000000,1515265079999,0.03750000,1,5.00000000,0.03750000,0
1515265080000,0.00750100,0.00750100,0.00745000,0.00745000,53.51000000,1515265139999,0.40092971,3,44.71000000,0.33536971,0
1515265140000,0.00745000,0.00745000,0.00745000,0.00745000,59.21000000,1515265199999,0.44111450,2,5.16000000,0.03844200,0
1515265200000,0.00745000,0.00745000,0.00745000,0.00745000,3.99000000,1515265259999,0.02972550,1,0.00000000,0.00000000,0
1515265260000,0.00745000,0.00745000,0.00745000,0.00745000,0.00000000,1515265319999,0.00000000,0,0.00000000,0.00000000,0
1515265320000,0.00745000,0.00745000,0.00745000,0.00745000,0.00000000,1515265379999,0.00000000,0,0.00000000,0.00000000,0
1515265380000,0.00750000,0.00750000,0.00745000,0.00745000,103.09000000,1515265439999,0.76817550,5,103.09000000,0.76817550,0
1515265440000,0.00745000,0.00745000,0.00745000,0.00745000,0.00000000,1515265499999,0.00000000,0,0.00000000,0.00000000,0
1515265500000,0.00740200,0.00740200,0.00740200,0.00740200,70.99000000,1515265559999,0.52546798,2,0.00000000,0.00000000,0
1515265560000,0.00740900,0.00740900,0.00740200,0.00740200,277.80000000,1515265619999,2.05818660,2,0.00000000,0.00000000,0
1515265620000,0.00741000,0.00741000,0.00741000,0.00741000,30.00000000,1515265679999,0.22230000,1,0.00000000,0.00000000,0
1515265680000,0.00741000,0.00741000,0.00741000,0.00741000,0.00000000,1515265739999,0.00000000,0,0.00000000,0.00000000,0
1515265740000,0.00745000,0.00748600,0.00741000,0.00748600,26.90000000,1515265799999,0.20095656,5,11.01000000,0.08242050,0
1515265800000,0.00748600,0.00748600,0.00748600,0.00748600,13.53000000,1515265859999,0.10128558,4,2.86000000,0.02140996,0
1515265860000,0.00748600,0.00748600,0.00748600,0.00748600,0.00000000,1515265919999,0.00000000,0,0.00000000,0.00000000,0
1515265920000,0.00748100,0.00748600,0.00748100,0.00748600,997.93000000,1515265979999,7.47047103,5,32.53000000,0.24348663,0
1515265980000,0.00749500,0.00750100,0.00748600,0.00748600,178.33000000,1515266039999,1.33552342,6,48.34000000,0.36241828,0
1515266040000,0.00750100,0.00750100,0.00750100,0.00750100,124.42000000,1515266099999,0.93327442,3,124.42000000,0.93327442,0
1515266100000,0.00750100,0.00750100,0.00750100,0.00750100,55.70000000,1515266159999,0.41780570,5,55.70000000,0.41780570,0
1515266160000,0.00750100,0.00750100,0.00750100,0.00750100,0.00000000,1515266219999,0.00000000,0,0.00000000,0.00000000,0
1515266220000,0.00750100,0.00750100,0.00750100,0.00750100,32.46000000,1515266279999,0.24348246,2,32.46000000,0.24348246,0
1515266280000,0.00748600,0.00748600,0.00748600,0.00748600,418.73000000,1515266339999,3.13461278,5,0.00000000,0.00000000,0
1515266340000,0.00748600,0.00748600,0.00748600,0.00748600,0.00000000,1515266399999,0.00000000,0,0.00000000,0.00000000,0
1515266400000,0.00748600,0.00748600,0.00748600,0.00748600,26.01000000,1515266459999,0.19471086,2,0.00000000,0.00000000,0
1515266460000,0.00748600,0.00748600,0.00748600,0.00748600,43.20000000,1515266519999,0.32339520,2,0.00000000,0.00000000,0
1515266520000,0.00750100,0.00750100,0.00750100,0.00750100,20.00000000,1515266579999,0.15002000,1,20.00000000,0.15002000,0
1515266580000,0.00748600,0.00750100,0.00748600,0.00750100,307.46000000,1515266639999,2.30403941,5,159.59000000,1.19708459,0
1515266640000,0.00750100,0.00750100,0.00750100,0.00750100,0.00000000,1515266699999,0.00000000,0,0.00000000,0.00000000,0
1515266700000,0.00748600,0.00750100,0.00748600,0.00750100,212.49000000,1515266759999,1.59103194,5,22.12000000,0.16592212,0
1515266760000,0.00748600,0.00748600,0.00748600,0.00748600,546.77000000,1515266819999,4.09312022,4,0.00000000,0.00000000,0
1515266820000,0.00748600,0.00748600,0.00748600,0.00748600,63.52000000,1515266879999,0.47551072,3,0.00000000,0.00000000,0
1515266880000,0.00748600,0.00748600,0.00748600,0.00748600,0.00000000,1515266939999,0.00000000,0,0.00000000,0.00000000,0
1515266940000,0.00748600,0.00748600,0.00748600,0.00748600,0.00000000,1515266999999,0.00000000,0,0.00000000,0.00000000,0
1515267000000,0.00750100,0.00750100,0.00750100,0.00750100,14.91000000,1515267059999,0.11183991,2,14.91000000,0.11183991,0
1515267060000,0.00750100,0.00750100,0.00750100,0.00750100,18.50000000,1515267119999,0.13876850,1,18.50000000,0.13876850,0
1515267120000,0.00750100,0.00750100,0.00750100,0.00750100,18.24000000,1515267179999,0.13681824,1,18.24000000,0.13681824,0
1515267180000,0.00750100,0.00750100,0.00748600,0.00748600,141.52000000,1515267239999,1.05978142,3,24.18000000,0.18137418,0
1515267240000,0.00748600,0.00748600,0.00748600,0.00748600,0.00000000,1515267299999,0.00000000,0,0.00000000,0.00000000,0
1515267300000,0.00748000,0.00748000,0.00743000,0.00743000,273.27000000,1515267359999,2.04380210,2,0.00000000,0.00000000,0
1515267360000,0.00743000,0.00743000,0.00743000,0.00743000,100.00000000,1515267419999,0.74300000,2,73.15000000,0.54350450,0
1515267420000,0.00743300,0.00743300,0.00743300,0.00743300,110.00000000,1515267479999,0.81763000,2,110.00000000,0.81763000,0
1515267480000,0.00743300,0.00743300,0.00743300,0.00743300,0.00000000,1515267539999,0.00000000,0,0.00000000,0.00000000,0
1515267540000,0.00743300,0.00743300,0.00740400,0.00743300,30.83000000,1515267599999,0.22852168,5,4.00000000,0.02973200,0
1515267600000,0.00740300,0.00740300,0.00739000,0.00739000,203.36000000,1515267659999,1.50396440,6,0.00000000,0.00000000,0
1515267660000,0.00739000,0.00739000,0.00739000,0.00739000,19.98000000,1515267719999,0.14765220,1,0.00000000,0.00000000,0
1515267720000,0.00739000,0.00739000,0.00739000,0.00739000,0.00000000,1515267779999,0.00000000,0,0.00000000,0.00000000,0
1515267780000,0.00739000,0.00739000,0.00739000,0.00739000,0.00000000,1515267839999,0.00000000,0,0.00000000,0.00000000,0
1515267840000,0.00739000,0.00739000,0.00739000,0.00739000,11.00000000,1515267899999,0.08129000,1,0.00000000,0.00000000,0
1515267900000,0.00739000,0.00739000,0.00739000,0.00739000,0.00000000,1515267959999,0.00000000,0,0.00000000,0.00000000,0
1515267960000,0.00739000,0.00739000,0.00739000,0.00739000,0.00000000,1515268019999,0.00000000,0,0.00000000,0.00000000,0
1515268020000,0.00739000,0.00739000,0.00739000,0.00739000,0.00000000,1515268079999,0.00000000,0,0.00000000,0.00000000,0
1515268080000,0.00739000,0.00739000,0.00739000,0.00739000,0.00000000,1515268139999,0.00000000,0,0.00000000,0.00000000,0
1515268140000,0.00739000,0.00750000,0.00739000,0.00739000,339.76000000,1515268199999,2.52394586,12,132.00000000,0.98859946,0
1515268200000,0.00739000,0.00739000,0.00738900,0.00738900,35.30000000,1515268259999,0.26083171,3,0.00000000,0.00000000,0
1515268260000,0.00738900,0.00738900,0.00738500,0.00738500,22.20000000,1515268319999,0.16398480,2,0.00000000,0.00000000,0
1515268320000,0.00738500,0.00738600,0.00738500,0.00738500,558.00000000,1515268379999,4.12093200,5,0.00000000,0.00000000,0
1515268380000,0.00738500,0.00738500,0.00738500,0.00738500,145.04000000,1515268439999,1.07112040,2,0.00000000,0.00000000,0
1515268440000,0.00738500,0.00738500,0.00738500,0.00738500,145.00000000,1515268499999,1.07082500,1,0.00000000,0.00000000,0
1515268500000,0.00738500,0.00748600,0.00738500,0.00748600,38.87000000,1515268559999,0.28919918,2,21.23000000,0.15892778,0
1515268560000,0.00738500,0.00738500,0.00738500,0.00738500,209.24000000,1515268619999,1.54523740,5,0.00000000,0.00000000,0
1515268620000,0.00738500,0.00738500,0.00725000,0.00725100,516.40000000,1515268679999,3.77858233,10,110.03000000,0.79782753,0
1515268680000,0.00725100,0.00725100,0.00725100,0.00725100,0.00000000,1515268739999,0.00000000,0,0.00000000,0.00000000,0
1515268740000,0.00748300,0.00749700,0.00748300,0.00749700,350.00000000,1515268799999,2.62263856,4,350.00000000,2.62263856,0
1515268800000,0.00730100,0.00730100,0.00726500,0.00726500,88.54000000,1515268859999,0.64442642,2,0.00000000,0.00000000,0
1515268860000,0.00749300,0.00749400,0.00749300,0.00749400,193.62000000,1515268919999,1.45095545,6,193.62000000,1.45095545,0
1515268920000,0.00749900,0.00749900,0.00729800,0.00729800,1589.90000000,1515268979999,11.63566625,14,490.57000000,3.60829775,0
1515268980000,0.00747700,0.00747700,0.00747700,0.00747700,115.82000000,1515269039999,0.86598614,1,115.82000000,0.86598614,0
1515269040000,0.00730000,0.00730000,0.00729800,0.00729800,86.54000000,1515269099999,0.63171616,3,0.00000000,0.00000000,0
1515269100000,0.00729800,0.00729800,0.00729800,0.00729800,0.00000000,1515269159999,0.00000000,0,0.00000000,0.00000000,0
1515269160000,0.00747300,0.00748400,0.00747300,0.00748400,271.64000000,1515269219999,2.03283276,2,271.64000000,2.03283276,0
1515269220000,0.00748400,0.00748400,0.00748400,0.00748400,0.00000000,1515269279999,0.00000000,0,0.00000000,0.00000000,0
1515269280000,0.00748100,0.00748100,0.00748100,0.00748100,51.00000000,1515269339999,0.38153100,1,51.00000000,0.38153100,0
1515269340000,0.00747300,0.00747300,0.00747300,0.00747300,4.00000000,1515269399999,0.02989200,1,0.00000000,0.00000000,0
1515269400000,0.00746000,0.00746000,0.00746000,0.00746000,13.38000000,1515269459999,0.09981480,1,13.38000000,0.09981480,0
1515269460000,0.00746000,0.00746000,0.00746000,0.00746000,0.00000000,1515269519999,0.00000000,0,0.00000000,0.00000000,0
1515269520000,0.00746000,0.00746000,0.00746000,0.00746000,0.00000000,1515269579999,0.00000000,0,0.00000000,0.00000000,0
1515269580000,0.00740400,0.00740500,0.00740400,0.00740500,173.97000000,1515269639999,1.28821768,3,0.00000000,0.00000000,0
1515269640000,0.00741000,0.00741000,0.00741000,0.00741000,14.38000000,1515269699999,0.10655580,1,0.00000000,0.00000000,0
1515269700000,0.00741000,0.00748100,0.00740000,0.00748100,649.96000000,1515269759999,4.82813232,10,201.42000000,1.50622692,0
1515269760000,0.00740100,0.00740100,0.00740000,0.00740000,22.00000000,1515269819999,0.16281100,2,0.00000000,0.00000000,0
1515269820000,0.00740000,0.00740000,0.00740000,0.00740000,0.00000000,1515269879999,0.00000000,0,0.00000000,0.00000000,0
1515269880000,0.00740000,0.00740000,0.00740000,0.00740000,0.00000000,1515269939999,0.00000000,0,0.00000000,0.00000000,0
1515269940000,0.00740000,0.00740000,0.00740000,0.00740000,21.90000000,1515269999999,0.16206000,1,0.00000000,0.00000000,0
1515270000000,0.00740000,0.00740000,0.00740000,0.00740000,0.00000000,1515270059999,0.00000000,0,0.00000000,0.00000000,0
1515270060000,0.00743000,0.00743000,0.00740000,0.00740000,27.02000000,1515270119999,0.20048800,3,18.00000000,0.13374000,0
1515270120000,0.00745000,0.00745000,0.00745000,0.00745000,19.63000000,1515270179999,0.14624350,2,19.63000000,0.14624350,0
1515270180000,0.00740000,0.00740000,0.00740000,0.00740000,0.03000000,1515270239999,0.00022200,1,0.00000000,0.00000000,0
1515270240000,0.00740100,0.00740100,0.00740000,0.00740000,56.31000000,1515270299999,0.41671221,2,0.00000000,0.00000000,0
1515270300000,0.00740000,0.00740000,0.00740000,0.00740000,0.00000000,1515270359999,0.00000000,0,0.00000000,0.00000000,0
1515270360000,0.00740000,0.00740000,0.00740000,0.00740000,0.00000000,1515270419999,0.00000000,0,0.00000000,0.00000000,0
1515270420000,0.00740000,0.00740000,0.00740000,0.00740000,0.00000000,1515270479999,0.00000000,0,0.00000000,0.00000000,0
1515270480000,0.00740100,0.00740100,0.00740100,0.00740100,0.67000000,1515270539999,0.00495867,1,0.00000000,0.00000000,0
1515270540000,0.00744500,0.00744500,0.00744500,0.00744500,220.00000000,1515270599999,1.63790000,2,220.00000000,1.63790000,0
1515270600000,0.00744500,0.00744500,0.00744500,0.00744500,5.00000000,1515270659999,0.03722500,1,0.00000000,0.00000000,0
1515270660000,0.00744300,0.00744300,0.00744300,0.00744300,83.92000000,1515270719999,0.62461656,3,83.92000000,0.62461656,0
1515270720000,0.00744300,0.00744300,0.00744300,0.00744300,187.99000000,1515270779999,1.39920957,2,187.99000000,1.39920957,0
1515270780000,0.00740100,0.00744300,0.00740100,0.00744300,28.15000000,1515270839999,0.20943645,2,26.15000000,0.19463445,0
1515270840000,0.00744300,0.00744900,0.00740200,0.00744900,289.66000000,1515270899999,2.15354562,6,223.96000000,1.66723422,0
1515270900000,0.00744900,0.00745000,0.00744900,0.00745000,112.06000000,1515270959999,0.83474594,4,112.06000000,0.83474594,0
1515270960000,0.00745000,0.00745000,0.00745000,0.00745000,97.80000000,1515271019999,0.72861000,3,97.80000000,0.72861000,0
1515271020000,0.00744900,0.00744900,0.00744900,0.00744900,8.99000000,1515271079999,0.06696651,1,8.99000000,0.06696651,0
1515271080000,0.00744300,0.00744900,0.00740100,0.00740100,197.59000000,1515271139999,1.46751197,5,95.00000000,0.70765500,0
1515271140000,0.00740200,0.00740200,0.00740200,0.00740200,156.87000000,1515271199999,1.16115174,1,0.00000000,0.00000000,0
1515271200000,0.00744800,0.00744800,0.00744800,0.00744800,1.00000000,1515271259999,0.00744800,1,1.00000000,0.00744800,0
1515271260000,0.00744800,0.00744800,0.00744800,0.00744800,30.00000000,1515271319999,0.22344000,2,30.00000000,0.22344000,0
1515271320000,0.00740100,0.00740300,0.00740100,0.00740300,64.46000000,1515271379999,0.47707750,3,0.00000000,0.00000000,0
1515271380000,0.00740600,0.00740600,0.00740600,0.00740600,2.67000000,1515271439999,0.01977402,1,0.00000000,0.00000000,0
1515271440000,0.00740800,0.00740800,0.00740800,0.00740800,29.18000000,1515271499999,0.21616544,1,0.00000000,0.00000000,0
1515271500000,0.00740800,0.00740800,0.00740800,0.00740800,0.00000000,1515271559999,0.00000000,0,0.00000000,0.00000000,0
1515271560000,0.00740800,0.00745000,0.00740800,0.00745000,348.31000000,1515271619999,2.59353950,5,348.31000000,2.59353950,0
1515271620000,0.00744800,0.00744800,0.00744800,0.00744800,31.85000000,1515271679999,0.23721880,2,31.85000000,0.23721880,0
1515271680000,0.00744800,0.00744800,0.00744800,0.00744800,0.00000000,1515271739999,0.00000000,0,0.00000000,0.00000000,0
1515271740000,0.00744800,0.00744800,0.00741000,0.00741000,15.00000000,1515271799999,0.11130124,2,0.00000000,0.00000000,0
1515271800000,0.00741000,0.00741000,0.00741000,0.00741000,0.00000000,1515271859999,0.00000000,0,0.00000000,0.00000000,0
1515271860000,0.00741000,0.00741000,0.00741000,0.00741000,0.00000000,1515271919999,0.00000000,0,0.00000000,0.00000000,0
1515271920000,0.00741300,0.00741300,0.00741300,0.00741300,29.09000000,1515271979999,0.21564417,1,0.00000000,0.00000000,0
1515271980000,0.00741300,0.00744500,0.00741300,0.00744500,61.00000000,1515272039999,0.45286500,4,61.00000000,0.45286500,0
1515272040000,0.00744500,0.00744500,0.00744500,0.00744500,0.00000000,1515272099999,0.00000000,0,0.00000000,0.00000000,0
1515272100000,0.00744400,0.00744500,0.00744400,0.00744500,199.00000000,1515272159999,1.48153589,3,199.00000000,1.48153589,0
1515272160000,0.00740600,0.00740600,0.00740600,0.00740600,183.12000000,1515272219999,1.35618672,1,0.00000000,0.00000000,0
1515272220000,0.00740600,0.00740600,0.00740600,0.00740600,0.00000000,1515272279999,0.00000000,0,0.00000000,0.00000000,0
1515272280000,0.00740600,0.00740600,0.00740600,0.00740600,0.00000000,1515272339999,0.00000000,0,0.00000000,0.00000000,0
1515272340000,0.00745000,0.00745000,0.00745000,0.00745000,0.22000000,1515272399999,0.00163900,1,0.22000000,0.00163900,0
1515272400000,0.00744500,0.00745000,0.00744500,0.00745000,102.70000000,1515272459999,0.76500015,2,102.70000000,0.76500015,0
1515272460000,0.00745000,0.00745000,0.00745000,0.00745000,0.00000000,1515272519999,0.00000000,0,0.00000000,0.00000000,0
1515272520000,0.00744900,0.00745000,0.00744900,0.00745000,681.38000000,1515272579999,5.07609788,7,681.38000000,5.07609788,0
1515272580000,0.00745000,0.00745000,0.00745000,0.00745000,0.00000000,1515272639999,0.00000000,0,0.00000000,0.00000000,0
1515272640000,0.00745000,0.00745000,0.00741800,0.00745000,72.64000000,1515272699999,0.54113600,3,50.21000000,0.37406450,0
1515272700000,0.00745000,0.00747900,0.00745000,0.00747900,63.06000000,1515272759999,0.47133429,2,63.06000000,0.47133429,0
1515272760000,0.00747900,0.00747900,0.00747900,0.00747900,8.40000000,1515272819999,0.06282360,1,8.40000000,0.06282360,0
1515272820000,0.00747900,0.00747900,0.00747900,0.00747900,0.00000000,1515272879999,0.00000000,0,0.00000000,0.00000000,0
1515272880000,0.00747800,0.00747800,0.00747800,0.00747800,2.68000000,1515272939999,0.02004104,1,2.68000000,0.02004104,0
1515272940000,0.00747800,0.00747800,0.00747800,0.00747800,20.00000000,1515272999999,0.14956000,1,20.00000000,0.14956000,0
1515273000000,0.00745800,0.00745800,0.00741600,0.00741600,28.48000000,1515273059999,0.21185084,3,0.00000000,0.00000000,0
1515273060000,0.00741600,0.00741600,0.00741600,0.00741600,0.00000000,1515273119999,0.00000000,0,0.00000000,0.00000000,0
1515273120000,0.00747800,0.00748000,0.00741600,0.00741600,333.01000000,1515273179999,2.48795132,8,282.89000000,2.11580074,0
1515273180000,0.00741800,0.00742000,0.00741800,0.00742000,582.01000000,1515273239999,4.31845234,7,0.00000000,0.00000000,0
1515273240000,0.00742000,0.00742000,0.00742000,0.00742000,0.00000000,1515273299999,0.00000000,0,0.00000000,0.00000000,0
1515273300000,0.00742000,0.00742000,0.00742000,0.00742000,0.00000000,1515273359999,0.00000000,0,0.00000000,0.00000000,0
1515273360000,0.00747500,0.00747500,0.00747500,0.00747500,7.00000000,1515273419999,0.05232500,1,7.00000000,0.05232500,0
1515273420000,0.00747500,0.00750100,0.00747500,0.00750100,108.74000000,1515273479999,0.81325083,5,76.59000000,0.57276883,0
1515273480000,0.00750100,0.00750100,0.00750100,0.00750100,0.00000000,1515273539999,0.00000000,0,0.00000000,0.00000000,0
1515273540000,0.00750100,0.00750100,0.00750100,0.00750100,0.00000000,1515273599999,0.00000000,0,0.00000000,0.00000000,0
1515273600000,0.00750000,0.00750100,0.00750000,0.00750100,218.60000000,1515273659999,1.63971561,6,218.60000000,1.63971561,0
1515273660000,0.00750100,0.00750100,0.00750100,0.00750100,1.31000000,1515273719999,0.00982631,1,1.31000000,0.00982631,0
1515273720000,0.00750100,0.00750100,0.00750100,0.00750100,0.00000000,1515273779999,0.00000000,0,0.00000000,0.00000000,0
1515273780000,0.00750100,0.00750100,0.00750100,0.00750100,0.00000000,1515273839999,0.00000000,0,0.00000000,0.00000000,0
1515273840000,0.00755000,0.00755000,0.00755000,0.00755000,0.05000000,1515273899999,0.00037750,1,0.05000000,0.00037750,0
1515273900000,0.00755000,0.00757000,0.00755000,0.00757000,411.89000000,1515273959999,3.11724130,5,394.73000000,2.98734010,0
1515273960000,0.00757000,0.00757000,0.00757000,0.00757000,0.00000000,1515274019999,0.00000000,0,0.00000000,0.00000000,0
1515274020000,0.00757000,0.00757000,0.00757000,0.00757000,0.00000000,1515274079999,0.00000000,0,0.00000000,0.00000000,0
1515274080000,0.00757000,0.00757000,0.00757000,0.00757000,0.00000000,1515274139999,0.00000000,0,0.00000000,0.00000000,0
1515274140000,0.00757000,0.00757000,0.00757000,0.00757000,0.00000000,1515274199999,0.00000000,0,0.00000000,0.00000000,0
1515274200000,0.00757000,0.00757000,0.00757000,0.00757000,0.00000000,1515274259999,0.00000000,0,0.00000000,0.00000000,0
1515274260000,0.00757000,0.00757000,0.00757000,0.00757000,0.00000000,1515274319999,0.00000000,0,0.00000000,0.00000000,0
1515274320000,0.00757000,0.00757000,0.00757000,0.00757000,10.00000000,1515274379999,0.07570000,1,0.00000000,0.00000000,0
1515274380000,0.00757000,0.00757900,0.00757000,0.00757000,53.00000000,1515274439999,0.40123700,5,7.53000000,0.05702910,0
1515274440000,0.00749400,0.00749400,0.00749200,0.00749200,103.43000000,1515274499999,0.77498028,5,0.00000000,0.00000000,0
1515274500000,0.00749200,0.00749200,0.00749200,0.00749200,0.00000000,1515274559999,0.00000000,0,0.00000000,0.00000000,0
1515274560000,0.00749200,0.00749200,0.00749200,0.00749200,15.05000000,1515274619999,0.11275460,1,0.00000000,0.00000000,0
1515274620000,0.00749200,0.00749200,0.00749200,0.00749200,0.00000000,1515274679999,0.00000000,0,0.00000000,0.00000000,0
1515274680000,0.00749200,0.00749200,0.00749200,0.00749200,280.17000000,1515274739999,2.09903364,5,0.00000000,0.00000000,0
1515274740000,0.00749300,0.00749300,0.00749300,0.00749300,0.20000000,1515274799999,0.00149860,1,0.00000000,0.00000000,0
1515274800000,0.00756900,0.00756900,0.00756900,0.00756900,11.00000000,1515274859999,0.08325900,1,11.00000000,0.08325900,0
1515274860000,0.00757000,0.00757000,0.00757000,0.00757000,40.00000000,1515274919999,0.30280000,2,40.00000000,0.30280000,0
1515274920000,0.00757000,0.00757000,0.00757000,0.00757000,0.00000000,1515274979999,0.00000000,0,0.00000000,0.00000000,0
1515274980000,0.00757000,0.00757000,0.00757000,0.00757000,0.00000000,1515275039999,0.00000000,0,0.00000000,0.00000000,0
1515275040000,0.00757000,0.00757000,0.00750500,0.00756900,570.58000000,1515275099999,4.31803013,9,41.37000000,0.31317090,0
1515275100000,0.00752000,0.00756900,0.00752000,0.00752000,695.06000000,1515275159999,5.22817510,9,20.90000000,0.15819210,0
1515275160000,0.00751100,0.00751100,0.00751000,0.00751000,145.57000000,1515275219999,1.09324060,5,0.00000000,0.00000000,0
1515275220000,0.00751000,0.00751000,0.00751000,0.00751000,0.00000000,1515275279999,0.00000000,0,0.00000000,0.00000000,0
1515275280000,0.00757000,0.00758000,0.00751000,0.00751000,213.89000000,1515275339999,1.61421280,5,125.00000000,0.94664890,0
1515275340000,0.00751000,0.00751000,0.00748000,0.00748000,417.48000000,1515275399999,3.13238908,11,0.00000000,0.00000000,0
1515275400000,0.00750700,0.00750700,0.00747900,0.00747900,206.57000000,1515275459999,1.54775944,4,100.00000000,0.75070000,0
1515275460000,0.00748000,0.00748000,0.00748000,0.00748000,5.00000000,1515275519999,0.03740000,1,0.00000000,0.00000000,0
1515275520000,0.00748000,0.00748000,0.00748000,0.00748000,0.00000000,1515275579999,0.00000000,0,0.00000000,0.00000000,0
1515275580000,0.00748000,0.00748000,0.00748000,0.00748000,0.00000000,1515275639999,0.00000000,0,0.00000000,0.00000000,0
1515275640000,0.00748000,0.00748000,0.00748000,0.00748000,0.00000000,1515275699999,0.00000000,0,0.00000000,0.00000000,0
1515275700000,0.00748000,0.00748000,0.00748000,0.00748000,8.17000000,1515275759999,0.06111160,1,0.00000000,0.00000000,0
1515275760000,0.00748000,0.00748100,0.00748000,0.00748000,682.51000000,1515275819999,5.10526980,7,0.00000000,0.00000000,0
1515275820000,0.00748000,0.00748000,0.00748000,0.00748000,0.00000000,1515275879999,0.00000000,0,0.00000000,0.00000000,0
1515275880000,0.00746100,0.00746100,0.00746100,0.00746100,95.00000000,1515275939999,0.70879500,3,95.00000000,0.70879500,0
1515275940000,0.00746100,0.00746100,0.00746100,0.00746100,0.00000000,1515275999999,0.00000000,0,0.00000000,0.00000000,0
1515276000000,0.00755400,0.00755400,0.00755400,0.00755400,3.00000000,1515276059999,0.02266200,1,3.00000000,0.02266200,0
1515276060000,0.00755400,0.00755400,0.00755400,0.00755400,0.00000000,1515276119999,0.00000000,0,0.00000000,0.00000000,0
1515276120000,0.00758000,0.00759300,0.00758000,0.00759300,250.00000000,1515276179999,1.89670027,4,250.00000000,1.89670027,0
1515276180000,0.00759300,0.00759300,0.00759300,0.00759300,0.00000000,1515276239999,0.00000000,0,0.00000000,0.00000000,0
1515276240000,0.00759300,0.00759300,0.00759300,0.00759300,15.00000000,1515276299999,0.11389500,3,0.00000000,0.00000000,0
1515276300000,0.00759400,0.00759400,0.00759400,0.00759400,210.00000000,1515276359999,1.59474000,2,100.00000000,0.75940000,0
1515276360000,0.00759400,0.00759400,0.00759400,0.00759400,0.00000000,1515276419999,0.00000000,0,0.00000000,0.00000000,0
1515276420000,0.00759400,0.00759400,0.00759400,0.00759400,74.27000000,1515276479999,0.56400638,2,74.27000000,0.56400638,0
1515276480000,0.00759300,0.00759300,0.00759300,0.00759300,76.31000000,1515276539999,0.57942183,1,0.00000000,0.00000000,0
1515276540000,0.00759300,0.00759300,0.00759300,0.00759300,0.00000000,1515276599999,0.00000000,0,0.00000000,0.00000000,0
1515276600000,0.00759300,0.00759300,0.00759300,0.00759300,0.00000000,1515276659999,0.00000000,0,0.00000000,0.00000000,0
1515276660000,0.00759300,0.00759300,0.00759300,0.00759300,30.00000000,1515276719999,0.22779000,1,30.00000000,0.22779000,0
1515276720000,0.00759200,0.00765000,0.00759200,0.00765000,3468.57000000,1515276779999,26.35961334,9,3468.57000000,26.35961334,0
1515276780000,0.00750000,0.00750700,0.00750000,0.00750500,187.37000000,1515276839999,1.40639235,6,0.00000000,0.00000000,0
1515276840000,0.00750500,0.00750500,0.00750500,0.00750500,0.00000000,1515276899999,0.00000000,0,0.00000000,0.00000000,0
1515276900000,0.00750500,0.00750500,0.00750500,0.00750500,0.00000000,1515276959999,0.00000000,0,0.00000000,0.00000000,0
1515276960000,0.00754600,0.00754600,0.00754600,0.00754600,2.99000000,1515277019999,0.02256254,1,0.00000000,0.00000000,0
1515277020000,0.00754600,0.00754600,0.00754600,0.00754600,0.00000000,1515277079999,0.00000000,0,0.00000000,0.00000000,0
1515277080000,0.00754600,0.00754600,0.00754600,0.00754600,0.00000000,1515277139999,0.00000000,0,0.00000000,0.00000000,0
1515277140000,0.00754600,0.00754600,0.00754600,0.00754600,0.00000000,1515277199999,0.00000000,0,0.00000000,0.00000000,0
1515277200000,0.00754600,0.00754600,0.00754600,0.00754600,0.00000000,1515277259999,0.00000000,0,0.00000000,0.00000000,0
1515277260000,0.00760000,0.00760000,0.00760000,0.00760000,229.00000000,1515277319999,1.74040000,3,229.00000000,1.74040000,0
1515277320000,0.00760000,0.00760000,0.00756600,0.00756600,36.45000000,1515277379999,0.27680036,2,0.00000000,0.00000000,0
1515277380000,0.00764000,0.00769600,0.00764000,0.00769600,40.55000000,1515277439999,0.31122292,3,40.55000000,0.31122292,0
1515277440000,0.00769500,0.00769500,0.00769000,0.00769100,138.73000000,1515277499999,1.06715203,5,138.73000000,1.06715203,0
1515277500000,0.00769000,0.00769000,0.00758100,0.00758100,69.26000000,1515277559999,0.52667634,4,13.92000000,0.10704480,0
1515277560000,0.00758100,0.00758100,0.00758100,0.00758100,0.00000000,1515277619999,0.00000000,0,0.00000000,0.00000000,0
1515277620000,0.00758100,0.00758100,0.00758100,0.00758100,0.00000000,1515277679999,0.00000000,0,0.00000000,0.00000000,0
1515277680000,0.00758100,0.00758100,0.00758100,0.00758100,0.00000000,1515277739999,0.00000000,0,0.00000000,0.00000000,0
1515277740000,0.00758400,0.00758400,0.00758400,0.00758400,120.00000000,1515277799999,0.91008000,2,0.00000000,0.00000000,0
1515277800000,0.00758600,0.00758600,0.00758100,0.00758100,1478.93000000,1515277859999,11.21577244,9,0.00000000,0.00000000,0
1515277860000,0.00767400,0.00770000,0.00767400,0.00770000,1232.87000000,1515277919999,9.49184346,10,189.93000000,1.46120546,0
1515277920000,0.00756700,0.00756700,0.00756700,0.00756700,92.81000000,1515277979999,0.70229327,1,0.00000000,0.00000000,0
1515277980000,0.00756800,0.00756800,0.00756700,0.00756700,19.25000000,1515278039999,0.14567575,3,0.00000000,0.00000000,0
1515278040000,0.00756700,0.00756700,0.00756700,0.00756700,0.00000000,1515278099999,0.00000000,0,0.00000000,0.00000000,0
1515278100000,0.00756700,0.00756700,0.00756700,0.00756700,0.00000000,1515278159999,0.00000000,0,0.00000000,0.00000000,0
1515278160000,0.00756800,0.00756800,0.00756800,0.00756800,25.98000000,1515278219999,0.19661664,1,0.00000000,0.00000000,0
1515278220000,0.00756800,0.00756800,0.00756800,0.00756800,0.00000000,1515278279999,0.00000000,0,0.00000000,0.00000000,0
1515278280000,0.00769600,0.00769600,0.00742000,0.00742000,1373.65000000,1515278339999,10.34368651,15,5.00000000,0.03848000,0
1515278340000,0.00742700,0.00742700,0.00742700,0.00742700,10.54000000,1515278399999,0.07828058,1,0.00000000,0.00000000,0
1515278400000,0.00742700,0.00742700,0.00742700,0.00742700,0.00000000,1515278459999,0.00000000,0,0.00000000,0.00000000,0
1515278460000,0.00743600,0.00743600,0.00742000,0.00742000,315.52000000,1515278519999,2.34431320,6,0.00000000,0.00000000,0
1515278520000,0.00742000,0.00742000,0.00742000,0.00742000,0.00000000,1515278579999,0.00000000,0,0.00000000,0.00000000,0
1515278580000,0.00742000,0.00742000,0.00742000,0.00742000,0.00000000,1515278639999,0.00000000,0,0.00000000,0.00000000,0
1515278640000,0.00742000,0.00742000,0.00742000,0.00742000,0.00000000,1515278699999,0.00000000,0,0.00000000,0.00000000,0
1515278700000,0.00742000,0.00742000,0.00742000,0.00742000,0.00000000,1515278759999,0.00000000,0,0.00000000,0.00000000,0
1515278760000,0.00754000,0.00756000,0.00754000,0.00756000,100.00000000,1515278819999,0.75536080,2,100.00000000,0.75536080,0
1515278820000,0.00755800,0.00756500,0.00755700,0.00756500,176.50000000,1515278879999,1.33406550,4,176.50000000,1.33406550,0
1515278880000,0.00756500,0.00756500,0.00756500,0.00756500,3.00000000,1515278939999,0.02269500,1,3.00000000,0.02269500,0
1515278940000,0.00756500,0.00756500,0.00756500,0.00756500,0.00000000,1515278999999,0.00000000,0,0.00000000,0.00000000,0
1515279000000,0.00756500,0.00756500,0.00756500,0.00756500,0.00000000,1515279059999,0.00000000,0,0.00000000,0.00000000,0
1515279060000,0.00756500,0.00776400,0.00756500,0.00776400,105.11000000,1515279119999,0.80508515,5,50.00000000,0.38817800,0
1515279120000,0.00776400,0.00776400,0.00776400,0.00776400,0.00000000,1515279179999,0.00000000,0,0.00000000,0.00000000,0
1515279180000,0.00776400,0.00776400,0.00776400,0.00776400,0.00000000,1515279239999,0.00000000,0,0.00000000,0.00000000,0
1515279240000,0.00776400,0.00776400,0.00776400,0.00776400,0.00000000,1515279299999,0.00000000,0,0.00000000,0.00000000,0
1515279300000,0.00756500,0.00756500,0.00747800,0.00747800,1.56000000,1515279359999,0.01166655,2,0.00000000,0.00000000,0
1515279360000,0.00747800,0.00747800,0.00747800,0.00747800,0.00000000,1515279419999,0.00000000,0,0.00000000,0.00000000,0
1515279420000,0.00755000,0.00759700,0.00747700,0.00759700,60.98000000,1515279479999,0.45714489,5,29.98000000,0.22533589,0
1515279480000,0.00759500,0.00759700,0.00759500,0.00759500,150.70000000,1515279539999,1.14478543,5,79.61000000,0.60471470,0
1515279540000,0.00759300,0.00759300,0.00759300,0.00759300,416.34000000,1515279599999,3.16126962,1,416.34000000,3.16126962,0
1515279600000,0.00759300,0.00759300,0.00759300,0.00759300,0.00000000,1515279659999,0.00000000,0,0.00000000,0.00000000,0
1515279660000,0.00755600,0.00755600,0.00755600,0.00755600,209.19000000,1515279719999,1.58063964,1,0.00000000,0.00000000,0
1515279720000,0.00755600,0.00755600,0.00755600,0.00755600,0.00000000,1515279779999,0.00000000,0,0.00000000,0.00000000,0
1515279780000,0.00758700,0.00758700,0.00750900,0.00750900,9.03000000,1515279839999,0.06796227,2,2.00000000,0.01517400,0
1515279840000,0.00750900,0.00750900,0.00750900,0.00750900,0.00000000,1515279899999,0.00000000,0,0.00000000,0.00000000,0
1515279900000,0.00750900,0.00750900,0.00750900,0.00750900,0.00000000,1515279959999,0.00000000,0,0.00000000,0.00000000,0
1515279960000,0.00755700,0.00757100,0.00755600,0.00757100,378.68000000,1515280019999,2.86592804,6,239.79000000,1.81521030,0
1515280020000,0.00757100,0.00757200,0.00755600,0.00757200,269.02000000,1515280079999,2.03686678,5,208.76000000,1.58073072,0
1515280080000,0.00757100,0.00759400,0.00757100,0.00759400,290.10000000,1515280139999,2.20268590,5,290.10000000,2.20268590,0
1515280140000,0.00759400,0.00759400,0.00759400,0.00759400,0.00000000,1515280199999,0.00000000,0,0.00000000,0.00000000,0
1515280200000,0.00759400,0.00759400,0.00759400,0.00759400,0.00000000,1515280259999,0.00000000,0,0.00000000,0.00000000,0
1515280260000,0.00759400,0.00759400,0.00759400,0.00759400,0.00000000,1515280319999,0.00000000,0,0.00000000,0.00000000,0
1515280320000,0.00758900,0.00758900,0.00758900,0.00758900,18.40000000,1515280379999,0.13963760,1,18.40000000,0.13963760,0
1515280380000,0.00758900,0.00758900,0.00750200,0.00758000,30.86000000,1515280439999,0.23320354,5,4.00000000,0.03032000,0
1515280440000,0.00758000,0.00758000,0.00758000,0.00758000,0.00000000,1515280499999,0.00000000,0,0.00000000,0.00000000,0
1515280500000,0.00751000,0.00759000,0.00750200,0.00759000,109.35000000,1515280559999,0.82685418,5,75.00000000,0.56892568,0
1515280560000,0.00759000,0.00759000,0.00759000,0.00759000,4.00000000,1515280619999,0.03036000,1,4.00000000,0.03036000,0
1515280620000,0.00759000,0.00759000,0.00759000,0.00759000,0.00000000,1515280679999,0.00000000,0,0.00000000,0.00000000,0
1515280680000,0.00758900,0.00759000,0.00758900,0.00759000,26.80000000,1515280739999,0.20338605,2,26.80000000,0.20338605,0
1515280740000,0.00759000,0.00759000,0.00759000,0.00759000,0.00000000,1515280799999,0.00000000,0,0.00000000,0.00000000,0
1515280800000,0.00751700,0.00751700,0.00751600,0.00751600,222.79000000,1515280859999,1.67450064,6,0.00000000,0.00000000,0
1515280860000,0.00751600,0.00751600,0.00751000,0.00751000,340.91000000,1515280919999,2.56057136,2,0.00000000,0.00000000,0
1515280920000,0.00758800,0.00758800,0.00758800,0.00758800,86.10000000,1515280979999,0.65332680,3,86.10000000,0.65332680,0
1515280980000,0.00758800,0.00758800,0.00758800,0.00758800,0.00000000,1515281039999,0.00000000,0,0.00000000,0.00000000,0
1515281040000,0.00758800,0.00758800,0.00758800,0.00758800,0.00000000,1515281099999,0.00000000,0,0.00000000,0.00000000,0
1515281100000,0.00751700,0.00751700,0.00751700,0.00751700,10.00000000,1515281159999,0.07517000,1,0.00000000,0.00000000,0
1515281160000,0.00751700,0.00751700,0.00751000,0.00751000,150.00000000,1515281219999,1.12703960,5,0.00000000,0.00000000,0
1515281220000,0.00758400,0.00758400,0.00758400,0.00758400,30.51000000,1515281279999,0.23138784,2,30.51000000,0.23138784,0
1515281280000,0.00758400,0.00758400,0.00758400,0.00758400,0.00000000,1515281339999,0.00000000,0,0.00000000,0.00000000,0
1515281340000,0.00751100,0.00751100,0.00751000,0.00751000,76.28000000,1515281399999,0.57287380,2,0.00000000,0.00000000,0
1515281400000,0.00751000,0.00751000,0.00751000,0.00751000,0.00000000,1515281459999,0.00000000,0,0.00000000,0.00000000,0
1515281460000,0.00751000,0.00751000,0.00751000,0.00751000,0.00000000,1515281519999,0.00000000,0,0.00000000,0.00000000,0
1515281520000,0.00751100,0.00751100,0.00751000,0.00751000,22.56000000,1515281579999,0.16943660,2,0.00000000,0.00000000,0
1515281580000,0.00757900,0.00758300,0.00757900,0.00758300,72.03000000,1515281639999,0.54605217,4,72.03000000,0.54605217,0
1515281640000,0.00758300,0.00758300,0.00758300,0.00758300,0.00000000,1515281699999,0.00000000,0,0.00000000,0.00000000,0
1515281700000,0.00751100,0.00751100,0.00751100,0.00751100,5.42000000,1515281759999,0.04070962,1,0.00000000,0.00000000,0
1515281760000,0.00751100,0.00751100,0.00751100,0.00751100,0.00000000,1515281819999,0.00000000,0,0.00000000,0.00000000,0
1515281820000,0.00751100,0.00751100,0.00751100,0.00751100,0.00000000,1515281879999,0.00000000,0,0.00000000,0.00000000,0
1515281880000,0.00751100,0.00751100,0.00751100,0.00751100,14.27000000,1515281939999,0.10718197,2,0.00000000,0.00000000,0
1515281940000,0.00751100,0.00751100,0.00751100,0.00751100,0.00000000,1515281999999,0.00000000,0,0.00000000,0.00000000,0
1515282000000,0.00751100,0.00751100,0.00751100,0.00751100,0.00000000,1515282059999,0.00000000,0,0.00000000,0.00000000,0
1515282060000,0.00758300,0.00758300,0.00758200,0.00758200,120.00000000,1515282119999,0.90985200,4,120.00000000,0.90985200,0
1515282120000,0.00758200,0.00758200,0.00758200,0.00758200,0.00000000,1515282179999,0.00000000,0,0.00000000,0.00000000,0
1515282180000,0.00758200,0.00758200,0.00758200,0.00758200,0.00000000,1515282239999,0.00000000,0,0.00000000,0.00000000,0
1515282240000,0.00758200,0.00758200,0.00758200,0.00758200,0.00000000,1515282299999,0.00000000,0,0.00000000,0.00000000,0
1515282300000,0.00758200,0.00758200,0.00758200,0.00758200,103.81000000,1515282359999,0.78708742,1,103.81000000,0.78708742,0
1515282360000,0.00758200,0.00758200,0.00758200,0.00758200,0.00000000,1515282419999,0.00000000,0,0.00000000,0.00000000,0
1515282420000,0.00758200,0.00758200,0.00758200,0.00758200,0.00000000,1515282479999,0.00000000,0,0.00000000,0.00000000,0
1515282480000,0.00758200,0.00758200,0.00758200,0.00758200,0.00000000,1515282539999,0.00000000,0,0.00000000,0.00000000,0
1515282540000,0.00758200,0.00758200,0.00758200,0.00758200,0.00000000,1515282599999,0.00000000,0,0.00000000,0.00000000,0
1515282600000,0.00758200,0.00758200,0.00758200,0.00758200,0.00000000,1515282659999,0.00000000,0,0.00000000,0.00000000,0
1515282660000,0.00758100,0.00758100,0.00751000,0.00758100,49.49000000,1515282719999,0.37482869,4,44.49000000,0.33727869,0
1515282720000,0.00758100,0.00758100,0.00758100,0.00758100,0.00000000,1515282779999,0.00000000,0,0.00000000,0.00000000,0
1515282780000,0.00758000,0.00758100,0.00758000,0.00758100,11.11000000,1515282839999,0.08421491,3,11.11000000,0.08421491,0
1515282840000,0.00758100,0.00758100,0.00758100,0.00758100,30.01000000,1515282899999,0.22750581,4,18.74000000,0.14206794,0
1515282900000,0.00758100,0.00758100,0.00758100,0.00758100,0.00000000,1515282959999,0.00000000,0,0.00000000,0.00000000,0
1515282960000,0.00758100,0.00758100,0.00758100,0.00758100,0.00000000,1515283019999,0.00000000,0,0.00000000,0.00000000,0
1515283020000,0.00758100,0.00758100,0.00758100,0.00758100,0.00000000,1515283079999,0.00000000,0,0.00000000,0.00000000,0
1515283080000,0.00758100,0.00758100,0.00758100,0.00758100,0.00000000,1515283139999,0.00000000,0,0.00000000,0.00000000,0
1515283140000,0.00751200,0.00751200,0.00750000,0.00750000,648.39000000,1515283199999,4.86940520,6,0.00000000,0.00000000,0
1515283200000,0.00746800,0.00746800,0.00742100,0.00742100,55.00000000,1515283259999,0.40896030,4,0.00000000,0.00000000,0
1515283260000,0.00742100,0.00742100,0.00742100,0.00742100,0.00000000,1515283319999,0.00000000,0,0.00000000,0.00000000,0
1515283320000,0.00742100,0.00742100,0.00742100,0.00742100,0.00000000,1515283379999,0.00000000,0,0.00000000,0.00000000,0
1515283380000,0.00742100,0.00742100,0.00742100,0.00742100,325.74000000,1515283439999,2.41731654,2,285.79000000,2.12084759,0
1515283440000,0.00742100,0.00742100,0.00742100,0.00742100,0.00000000,1515283499999,0.00000000,0,0.00000000,0.00000000,0
1515283500000,0.00742100,0.00742100,0.00742100,0.00742100,0.00000000,1515283559999,0.00000000,0,0.00000000,0.00000000,0
1515283560000,0.00742100,0.00742100,0.00742100,0.00742100,0.00000000,1515283619999,0.00000000,0,0.00000000,0.00000000,0
1515283620000,0.00756500,0.00758200,0.00756500,0.00758200,62.72000000,1515283679999,0.47491474,4,62.72000000,0.47491474,0
1515283680000,0.00758200,0.00758200,0.00758200,0.00758200,0.00000000,1515283739999,0.00000000,0,0.00000000,0.00000000,0
1515283740000,0.00758200,0.00758200,0.00758200,0.00758200,0.00000000,1515283799999,0.00000000,0,0.00000000,0.00000000,0
1515283800000,0.00746500,0.00758000,0.00746400,0.00758000,49.04000000,1515283859999,0.36790816,4,16.00000000,0.12128000,0
1515283860000,0.00758000,0.00758000,0.00758000,0.00758000,0.00000000,1515283919999,0.00000000,0,0.00000000,0.00000000,0
1515283920000,0.00758000,0.00758000,0.00758000,0.00758000,0.00000000,1515283979999,0.00000000,0,0.00000000,0.00000000,0
1515283980000,0.00757900,0.00757900,0.00757900,0.00757900,5.00000000,1515284039999,0.03789500,1,5.00000000,0.03789500,0
1515284040000,0.00745700,0.00750000,0.00745700,0.00750000,60.93000000,1515284099999,0.45654543,4,0.00000000,0.00000000,0
1515284100000,0.00750000,0.00750000,0.00749900,0.00749900,35.06000000,1515284159999,0.26292900,3,21.00000000,0.15747900,0
1515284160000,0.00746100,0.00757900,0.00746100,0.00757900,36.25000000,1515284219999,0.27282125,3,20.00000000,0.15158000,0
1515284220000,0.00757900,0.00757900,0.00757900,0.00757900,0.00000000,1515284279999,0.00000000,0,0.00000000,0.00000000,0
1515284280000,0.00757900,0.00757900,0.00757900,0.00757900,63.14000000,1515284339999,0.47853806,2,36.97000000,0.28019563,0
1515284340000,0.00757900,0.00757900,0.00757900,0.00757900,0.00000000,1515284399999,0.00000000,0,0.00000000,0.00000000,0
1515284400000,0.00757900,0.00757900,0.00757900,0.00757900,0.00000000,1515284459999,0.00000000,0,0.00000000,0.00000000,0
1515284460000,0.00757900,0.00757900,0.00757900,0.00757900,0.00000000,1515284519999,0.00000000,0,0.00000000,0.00000000,0
1515284520000,0.00757900,0.00757900,0.00757900,0.00757900,0.00000000,1515284579999,0.00000000,0,0.00000000,0.00000000,0
1515284580000,0.00756000,0.00756000,0.00756000,0.00756000,13.00000000,1515284639999,0.09828000,1,13.00000000,0.09828000,0
1515284640000,0.00756000,0.00756000,0.00756000,0.00756000,0.00000000,1515284699999,0.00000000,0,0.00000000,0.00000000,0